<?xml version="1.0" encoding="UTF-8"?>
<project-private xmlns="http://www.netbeans.org/ns/project-private/1">
    <editor-bookmarks xmlns="http://www.netbeans.org/ns/editor-bookmarks/2" lastBookmarkId="0"/>
    <open-files xmlns="http://www.netbeans.org/ns/projectui-open-files/2">
        <group>
            <file>file:/C:/Users/olegs/Videos/PD1_Nikitins/src/Registration.java</file>
            <file>file:/C:/Users/olegs/Videos/PD1_Nikitins/src/Classes/Admin.java</file>
            <file>file:/C:/Users/olegs/Videos/PD1_Nikitins/src/Classes/DistanceExamenator.java</file>
            <file>file:/C:/Users/olegs/Videos/PD1_Nikitins/src/Classes/Question.java</file>
            <file>file:/C:/Users/olegs/Videos/PD1_Nikitins/src/Classes/Student.java</file>
            <file>file:/C:/Users/olegs/Videos/PD1_Nikitins/src/Classes/Teacher.java</file>
            <file>file:/C:/Users/olegs/Videos/PD1_Nikitins/src/Classes/User.java</file>
            <file>file:/C:/Users/olegs/Videos/PD1_Nikitins/src/Classes/UserRepository.java</file>
            <file>file:/C:/Users/olegs/Videos/PD1_Nikitins/test/UserServiceTest.java</file>
        </group>
    </open-files>
</project-private>
